name,serial,pid,workflow,hostname
auto_python0,12345678910,WS-C3850,simpleTemplate,adam0
auto_python1,12345678911,WS-C3850,simpleTemplate,adam1
auto_python2,12345678912,WS-C3850,simpleTemplate,adam2
auto_python3,12345678913,WS-C3850,simpleTemplate,adam3
auto_python4,12345678914,WS-C3850,simpleTemplate,adam4
auto_python5,12345678915,WS-C3850,simpleTemplate,adam5
auto_python6,12345678916,WS-C3850,simpleTemplate,adam6
auto_python7,12345678917,WS-C3850,simpleTemplate,adam7
auto_python8,12345678918,WS-C3850,simpleTemplate,adam8
auto_python9,12345678919,WS-C3850,simpleTemplate,adam9
